{"freqs": [100.0, 127.0, 161.291, 204.842, 260.151, 330.394, 419.603, 532.899, 676.786, 859.524, 1091.6, 1386.35, 1760.67, 2236.07, 2839.82, 3606.6, 4580.41, 5817.16, 7387.84, 9382.62, 11916.0, 15133.42, 19219.57, 24409.02, 30999.65, 39369.82, 50000.0], "weights": [[3165639.4241551673, 26545265.780446276], [3290930.4968553535, 27164211.95816605], [3171891.231218201, 26644019.905682582], [3445489.74844929, 28012738.591782317], [2926234.6120191296, 25397489.467108145], [2728806.983599944, 24210354.86138054], [2603184.351334985, 23329617.96211471], [2428260.184811942, 22216176.185385853], [2136657.8148996932, 20423102.760367963], [1841890.6798264666, 18684607.29528729], [1426694.8107626287, 16294866.280666469], [1143322.4448683925, 14157170.962089652], [926062.3446863423, 12710389.11087767], [609373.0049624486, 10294327.425469516], [460682.9297002679, 8617227.632278368], [252061.35141570636, 7023370.287398154], [131276.23709621798, 5702005.207597137], [69411.89984715769, 4616625.347067586], [-18589.62387562499, 3660948.2122000675], [-40311.13870101273, 2911634.8819971997], [-32365.207663140474, 2511625.9659564644], [-26537.342613941368, 1873941.5747987577], [-22509.564828622606, 1499244.5269750366], [-13345.894784481148, 1301609.943543765], [-10871.892763301588, 966456.8255989269], [-10851.523870222385, 771940.4065789616], [-9427.584267216269, 658762.9086797329]], "noise": [[2381992.629898105, 2743574.311003804, 2494064.0640439764, 2287769.4134000675, 2301902.5947149796, 2331956.736781843, 2650551.305336726, 2664686.7649980094, 2721229.2973744213, 2644894.4528405415, 2571419.8412550213, 2267823.2343421793, 2211128.419809417, 1791802.3204459683, 1579641.3094961357, 923122.7196616685, 531099.4884827763, 370615.1043273271, 12472.191289246472, 129614.8139681572, 106562.44908763854, 47140.45207910317, 42426.40687119285, 9428.090415820634, 4714.045207910317, 2828.42712474619, 13912.424503139471], [3814300.5766311716, 2735365.098523819, 2604269.997949948, 2663748.4032009393, 2531578.339473003, 2101322.3349965983, 1956754.682858556, 1463633.2266733432, 1208304.5973594573, 920144.9161228174, 1239175.353029407, 623609.5644623236, 449691.2521077347, 170489.49136725898, 317525.15210959624, 86538.3665716478, 8164.96580927726, 50990.19513592785, 4714.045207910317, 113137.0849898476, 88317.60866327847, 26246.692913372706, 16996.73171197595, 26246.692913372706, 15084.944665313014, 10964.58946893235, 11430.952132988165], [21954099.844903685, 26132199.96479439, 22175028.184874985, 18930134.706335295, 17463103.96235446, 15018238.911403693, 12461340.216846662, 9120409.804389274, 6673220.736645836, 4684815.898197068, 2990819.285747636, 2294967.3200287623, 1610124.218810462, 1053764.0865013383, 764378.8327786163, 542355.9716643674, 388394.12971876905, 279060.92524751654, 232808.9345364563, 157955.68998931313, 133603.89215887387, 92025.8115965298, 76280.73151196179, 72240.91638399944, 50967.51416343552, 39195.02519453202, 37312.028891498245]]}
